{"cameraMode":{"drawMode":0,"name":"Shaded","section":"Shading Mode"},"sceneLighting":true,"audioPlay":false,"sceneViewState":{"showFog":true,"showMaterialUpdate":false,"showSkybox":true,"showFlares":true,"showImageEffects":true,"showParticleSystems":true,"showVisualEffectGraphs":true,"m_FxEnabled":true},"in2DMode":false,"pivot":{"x":1.7547245025634766,"y":4.553713798522949,"z":0.5160854458808899},"rotation":{"x":0.09969169646501541,"y":0.7486267685890198,"z":-0.11567945033311844,"w":0.6451615691184998},"size":3.7713348865509035,"orthographic":false}