{"cameraMode":{"drawMode":0,"name":"Shaded","section":"Shading Mode"},"sceneLighting":false,"audioPlay":false,"sceneViewState":{"showFog":true,"showMaterialUpdate":false,"showSkybox":false,"showFlares":true,"showImageEffects":true,"showParticleSystems":true,"showVisualEffectGraphs":true,"m_FxEnabled":true},"in2DMode":false,"pivot":{"x":9.619854927062989,"y":-12.318441390991211,"z":9.098991394042969},"rotation":{"x":-0.18373726308345796,"y":-0.0005494502256624401,"z":0.0002655124117154628,"w":-0.9828594326972961},"size":31.77684783935547,"orthographic":false}