{"cameraMode":{"drawMode":0,"name":"Shaded","section":"Shading Mode"},"sceneLighting":false,"audioPlay":false,"sceneViewState":{"showFog":true,"showMaterialUpdate":false,"showSkybox":false,"showFlares":true,"showImageEffects":true,"showParticleSystems":true,"showVisualEffectGraphs":true,"m_FxEnabled":true},"in2DMode":false,"pivot":{"x":555.42626953125,"y":155.7095489501953,"z":-146.08758544921876},"rotation":{"x":-0.04316981881856918,"y":0.013480237685143948,"z":0.0006282185786403716,"w":0.9989268779754639},"size":103.07764434814453,"orthographic":false}